"site_number","stock_cycle","cycle_has_unexplained_drop","n_flags"
"FS0015",1,TRUE,4
"FS0015",2,TRUE,4
"FS0015",3,TRUE,5
"FS0015",4,TRUE,4
"FS0015",5,TRUE,4
"FS0015",6,TRUE,1
"FS0015",7,TRUE,3
"FS0015",8,TRUE,3
"FS0015",9,TRUE,4
"FS0015",10,TRUE,5
"FS0015",11,TRUE,1
"FS0015",12,TRUE,3
"FS0015",13,FALSE,0
"FS0016",0,FALSE,0
"FS0016",1,TRUE,3
"FS0016",2,TRUE,1
"FS0016",3,TRUE,5
"FS0016",4,TRUE,4
"FS0016",5,TRUE,2
"FS0016",6,TRUE,3
"FS0016",7,TRUE,2
"FS0016",8,TRUE,3
"FS0016",9,TRUE,4
"FS0016",10,TRUE,4
"FS0016",11,TRUE,4
"FS0016",12,TRUE,3
"FS0016",13,FALSE,0
"FS0031",1,TRUE,13
"FS0031",2,TRUE,2
"FS0031",3,TRUE,2
"FS0031",4,TRUE,1
"FS0031",5,TRUE,2
"FS0031",6,TRUE,1
"FS0031",7,TRUE,1
"FS0031",8,TRUE,2
"FS0031",9,TRUE,1
"FS0032",0,FALSE,0
"FS0039",1,FALSE,0
"FS0039",2,TRUE,2
"FS0039",3,TRUE,2
"FS0039",4,TRUE,1
"FS0039",5,TRUE,1
"FS0039",6,TRUE,4
"FS0039",7,TRUE,1
"FS0039",8,TRUE,1
"FS0050",1,TRUE,3
"FS0050",2,TRUE,3
"FS0050",3,TRUE,2
"FS0050",4,TRUE,2
"FS0050",5,TRUE,3
"FS0050",6,TRUE,1
"FS0050",7,TRUE,2
"FS0050",8,TRUE,4
"FS0050",9,TRUE,1
"FS0050",10,TRUE,4
"FS0050",11,TRUE,1
"FS0051",1,TRUE,4
"FS0051",2,TRUE,13
"FS0051",3,TRUE,3
"FS0051",4,TRUE,1
"FS0054",1,TRUE,1
"FS0054",2,TRUE,2
"FS0054",3,TRUE,3
"FS0054",4,TRUE,3
"FS0054",5,TRUE,1
"FS0054",6,TRUE,1
"FS0054",7,TRUE,2
"FS0054",8,TRUE,2
"FS0054",9,TRUE,1
"FS0054",10,TRUE,2
"FS0054",11,TRUE,2
"FS0054",12,TRUE,3
"FS0056",1,TRUE,19
"FS0056",2,TRUE,4
"FS0056",3,TRUE,1
"FS0056",4,TRUE,5
"FS0056",5,TRUE,4
"FS0056",6,TRUE,15
"FS0057",1,TRUE,7
"FS0057",2,TRUE,36
"FS0057",3,TRUE,5
"FS0057",4,TRUE,5
"FS0057",5,TRUE,2
"FS0057",6,TRUE,2
"FS0057",7,TRUE,2
"FS0057",8,TRUE,1
"FS0057",9,FALSE,0
"FS0065",1,TRUE,7
"FS0065",2,TRUE,10
"FS0065",3,TRUE,6
"FS0065",4,TRUE,4
"FS0065",5,TRUE,6
"FS0065",6,TRUE,6
"FS0065",7,TRUE,6
"FS0065",8,TRUE,5
"FS0065",9,FALSE,0
"FS0067",1,FALSE,0
"FS0067",2,TRUE,7
"FS0067",3,TRUE,4
"FS0067",4,TRUE,5
"FS0067",5,TRUE,3
"FS0067",6,TRUE,2
"FS0067",7,TRUE,2
"FS0067",8,TRUE,2
"FS0067",9,TRUE,3
"FS0067",10,TRUE,2
"FS0067",11,TRUE,2
"FS0067",12,FALSE,0
"FS0068",1,TRUE,7
"FS0068",2,TRUE,5
"FS0068",3,TRUE,5
"FS0068",4,TRUE,3
"FS0068",5,TRUE,2
"FS0068",6,TRUE,4
"FS0068",7,TRUE,3
"FS0068",8,TRUE,2
"FS0068",9,TRUE,4
"FS0068",10,TRUE,4
"FS0072",1,TRUE,1
"FS0074",1,FALSE,0
"FS0074",2,TRUE,3
"FS0074",3,TRUE,3
"FS0074",4,TRUE,5
"FS0074",5,TRUE,3
"FS0074",6,TRUE,4
"FS0074",7,TRUE,2
"FS0074",8,FALSE,0
"FS0077",1,FALSE,0
"FS0077",2,TRUE,5
"FS0077",3,TRUE,4
"FS0088",1,FALSE,0
"FS0088",2,TRUE,4
"FS0088",3,TRUE,4
"FS0088",4,TRUE,5
"FS0088",5,TRUE,4
"FS0088",6,TRUE,3
"FS0088",7,TRUE,3
"FS0088",8,TRUE,5
"FS0088",9,TRUE,4
"FS0088",10,TRUE,5
"FS0088",11,TRUE,4
"FS0088",12,TRUE,4
"FS0088",13,TRUE,1
"FS0091",1,FALSE,0
"FS0091",2,TRUE,5
"FS0091",3,TRUE,5
"FS0091",4,TRUE,3
"FS0091",5,TRUE,2
"FS0091",6,TRUE,4
"FS0091",7,TRUE,4
"FS0091",8,TRUE,2
"FS0091",9,TRUE,4
"FS0091",10,TRUE,4
"FS0091",11,TRUE,3
"FS0091",12,TRUE,1
"FS0108",1,TRUE,4
"FS0108",2,TRUE,5
"FS0108",3,FALSE,0
"FS0108",4,TRUE,4
"FS0108",5,TRUE,2
"FS0108",6,TRUE,2
"FS0108",7,TRUE,2
"FS0109",1,TRUE,5
"FS0109",2,TRUE,1
"FS0122",1,TRUE,1
"FS0122",2,TRUE,1
"FS0122",3,TRUE,1
"FS0122",4,TRUE,1
"FS0122",5,TRUE,2
"FS0122",6,TRUE,1
"FS0122",7,TRUE,1
"FS0122",8,TRUE,1
"FS0122",9,TRUE,1
"FS0139",0,FALSE,0
"FS0139",1,TRUE,2
"FS0139",2,TRUE,4
"FS0140",1,TRUE,3
"FS0140",2,TRUE,3
"FS0140",3,TRUE,3
"FS0140",4,TRUE,3
"FS0140",5,TRUE,2
"FS0140",6,TRUE,2
"FS0154",1,TRUE,5
"FS0154",2,TRUE,1
"FS0154",3,TRUE,1
"FS0156",1,TRUE,1
"FS0156",2,TRUE,4
"FS0158",1,TRUE,4
"FS0158",2,TRUE,3
"FS0158",3,TRUE,2
"FS0159",1,TRUE,4
"FS0163",1,TRUE,5
"FS0166",1,TRUE,4
"FS0166",2,TRUE,5
"FS0166",3,TRUE,2
"FS0166",4,TRUE,2
"FS0166",5,TRUE,3
"FS0166",6,FALSE,0
"FS0173",1,TRUE,1
"FS0173",2,TRUE,4
"FS0173",3,TRUE,2
"FS0178",0,FALSE,0
"FS0178",1,TRUE,3
"FS0183",1,TRUE,4
"FS0183",2,TRUE,1
"FS0183",3,TRUE,3
"FS0183",4,TRUE,3
"FS0183",5,TRUE,5
"FS0183",6,TRUE,9
"FS0183",7,TRUE,3
"FS0183",8,TRUE,3
"FS0183",9,TRUE,3
"FS0183",10,TRUE,3
"FS0208",1,TRUE,7
"FS0208",2,TRUE,3
"FS0209",0,FALSE,0
"FS0209",1,TRUE,2
"FS0209",2,TRUE,3
"FS0209",3,TRUE,6
"FS0209",4,TRUE,4
"FS0209",5,TRUE,4
"FS0209",6,TRUE,4
"FS0209",7,TRUE,5
"FS0209",8,TRUE,6
"FS0209",9,TRUE,3
"FS0209",10,TRUE,2
"FS0212",0,FALSE,0
"FS0212",1,TRUE,2
"FS0212",2,TRUE,3
"FS0212",3,FALSE,0
"FS0212",4,TRUE,3
"FS0212",5,TRUE,9
"FS0212",6,TRUE,4
"FS0212",7,TRUE,5
"FS0212",8,TRUE,3
"FS0212",9,TRUE,6
"FS0212",10,TRUE,4
"FS0212",11,TRUE,7
"FS0212",12,FALSE,0
"FS0213",0,FALSE,0
"FS0213",1,TRUE,2
"FS0228",1,TRUE,3
"FS0228",2,TRUE,5
"FS0230",1,TRUE,4
"FS0230",2,TRUE,5
"FS0230",3,TRUE,4
"FS0234",1,TRUE,4
"FS0234",2,TRUE,5
"FS0234",3,TRUE,1
"FS0234",4,TRUE,4
"FS0234",5,TRUE,4
"FS0234",6,TRUE,9
"FS0234",7,TRUE,5
"FS0234",8,TRUE,3
"FS0234",9,TRUE,4
"FS0234",10,TRUE,4
"FS0234",11,TRUE,7
"FS0237",1,TRUE,4
"FS0237",2,TRUE,5
"FS0237",3,TRUE,1
"FS0237",4,TRUE,4
"FS0237",5,TRUE,3
"FS0237",6,TRUE,2
"FS0237",7,TRUE,6
"FS0237",8,TRUE,8
"FS0237",9,TRUE,3
"FS0237",10,TRUE,3
"FS0237",11,TRUE,6
"FS0240",1,TRUE,4
"FS0240",2,TRUE,4
"FS0240",3,TRUE,1
"FS0240",4,TRUE,8
"FS0240",5,TRUE,3
"FS0240",6,TRUE,4
"FS0240",7,TRUE,4
"FS0240",8,TRUE,2
"FS0240",9,TRUE,4
"FS0240",10,TRUE,4
"FS0240",11,TRUE,3
"FS0240",12,TRUE,1
"FS0241",1,TRUE,2
"FS0241",2,TRUE,4
"FS0241",3,TRUE,1
"FS0241",4,TRUE,4
"FS0241",5,TRUE,2
"FS0241",6,TRUE,3
"FS0241",7,TRUE,2
"FS0241",8,TRUE,3
"FS0241",9,TRUE,3
"FS0241",10,TRUE,8
"FS0241",11,TRUE,5
"FS0241",12,FALSE,0
"FS0242",1,TRUE,5
"FS0242",2,TRUE,3
"FS0242",3,TRUE,2
"FS0242",4,TRUE,3
"FS0242",5,TRUE,3
"FS0242",6,TRUE,2
"FS0242",7,TRUE,3
"FS0242",8,TRUE,3
"FS0242",9,TRUE,3
"FS0242",10,TRUE,4
"FS0242",11,TRUE,2
"FS0242",12,FALSE,0
"FS0244",1,TRUE,6
"FS0244",2,TRUE,5
"FS0244",3,TRUE,3
"FS0244",4,TRUE,1
"FS0244",5,TRUE,10
"FS0244",6,TRUE,3
"FS0244",7,TRUE,4
"FS0244",8,TRUE,4
"FS0244",9,TRUE,5
"FS0244",10,TRUE,4
"FS0244",11,TRUE,4
"FS0244",12,TRUE,1
"FS0245",0,FALSE,0
"FS0245",1,TRUE,3
"FS0245",2,TRUE,4
"FS0245",3,TRUE,3
"FS0245",4,TRUE,2
"FS0245",5,TRUE,4
"FS0245",6,TRUE,2
"FS0245",7,TRUE,4
"FS0245",8,TRUE,2
"FS0245",9,TRUE,4
"FS0245",10,TRUE,3
"FS0245",11,TRUE,2
"FS0247",1,TRUE,3
"FS0247",2,TRUE,8
"FS0247",3,TRUE,3
"FS0247",4,TRUE,5
"FS0247",5,TRUE,4
"FS0247",6,TRUE,6
"FS0247",7,TRUE,1
"FS0247",8,TRUE,3
"FS0247",9,TRUE,5
"FS0247",10,TRUE,1
"FS0247",11,TRUE,1
"FS0247",12,FALSE,0
"FS0248",1,FALSE,0
"FS0248",2,TRUE,4
"FS0248",3,TRUE,9
"FS0248",4,TRUE,4
"FS0248",5,TRUE,3
"FS0248",6,TRUE,5
"FS0248",7,TRUE,5
"FS0248",8,TRUE,5
"FS0248",9,TRUE,4
"FS0248",10,TRUE,3
"FS0248",11,FALSE,0
"FS0249",1,TRUE,11
"FS0249",2,TRUE,1
"FS0249",3,TRUE,5
"FS0249",4,TRUE,10
"FS0249",5,TRUE,4
"FS0249",6,TRUE,1
"FS0249",7,TRUE,1
"FS0249",8,TRUE,2
"FS0249",9,TRUE,2
"FS0249",10,TRUE,2
"FS0249",11,TRUE,2
"FS0249",12,TRUE,2
"FS0252",1,TRUE,3
"FS0252",2,TRUE,3
"FS0252",3,TRUE,4
"FS0252",4,TRUE,5
"FS0252",5,TRUE,3
"FS0252",6,TRUE,4
"FS0252",7,TRUE,3
"FS0252",8,TRUE,4
"FS0252",9,TRUE,3
"FS0252",10,TRUE,2
"FS0252",11,TRUE,2
"FS0252",12,TRUE,1
"FS0253",1,TRUE,2
"FS0253",2,TRUE,5
"FS0253",3,TRUE,4
"FS0253",4,TRUE,5
"FS0253",5,TRUE,4
"FS0253",6,TRUE,2
"FS0253",7,TRUE,3
"FS0253",8,TRUE,3
"FS0253",9,TRUE,1
"FS0253",10,TRUE,1
"FS0253",11,TRUE,3
"FS0253",12,TRUE,2
"FS0253",13,TRUE,1
"FS0261",1,TRUE,4
"FS0261",2,TRUE,4
"FS0261",3,TRUE,2
"FS0266",0,FALSE,0
"FS0266",1,TRUE,2
"FS0266",2,TRUE,1
"FS0266",3,TRUE,1
"FS0272",0,FALSE,0
"FS0292",1,TRUE,7
"FS0292",2,TRUE,2
"FS0292",3,TRUE,4
"FS0292",4,TRUE,3
"FS0292",5,TRUE,1
"FS0292",6,TRUE,1
"FS0292",7,TRUE,2
"FS0292",8,TRUE,4
"FS0292",9,TRUE,2
"FS0292",10,TRUE,4
"FS0299",1,TRUE,4
"FS0299",2,TRUE,5
"FS0299",3,TRUE,4
"FS0299",4,TRUE,5
"FS0299",5,TRUE,4
"FS0299",6,TRUE,5
"FS0299",7,TRUE,5
"FS0299",8,TRUE,4
"FS0299",9,TRUE,4
"FS0299",10,TRUE,3
"FS0299",11,TRUE,2
"FS0299",12,TRUE,2
"FS0299",13,TRUE,1
"FS0304",0,FALSE,0
"FS0304",1,TRUE,11
"FS0304",2,TRUE,3
"FS0306",1,FALSE,0
"FS0306",2,TRUE,5
"FS0306",3,TRUE,1
"FS0306",4,TRUE,3
"FS0306",5,TRUE,1
"FS0306",6,TRUE,1
"FS0316",1,TRUE,3
"FS0316",2,TRUE,4
"FS0316",3,TRUE,1
"FS0316",4,TRUE,1
"FS0316",5,TRUE,2
"FS0316",6,TRUE,1
"FS0316",7,TRUE,2
"FS0316",8,TRUE,2
"FS0316",9,TRUE,2
"FS0333",1,TRUE,8
"FS0333",2,TRUE,4
"FS0333",3,TRUE,4
"FS0333",4,TRUE,4
"FS0333",5,TRUE,3
"FS0333",6,TRUE,2
"FS0333",7,TRUE,2
"FS0336",1,TRUE,4
"FS0336",2,TRUE,5
"FS0336",3,TRUE,5
"FS0336",4,TRUE,2
"FS0336",5,TRUE,2
"FS0336",6,TRUE,3
"FS0336",7,TRUE,4
"FS0336",8,TRUE,3
"FS0336",9,TRUE,1
"FS0336",10,TRUE,3
"FS0336",11,TRUE,2
"FS0340",1,TRUE,5
"FS0340",2,TRUE,7
"FS0340",3,TRUE,2
"FS0340",4,TRUE,4
"FS0340",5,TRUE,2
"FS0340",6,TRUE,3
"FS0340",7,TRUE,3
"FS0344",0,FALSE,0
"FS0359",1,TRUE,4
"FS0359",2,TRUE,5
"FS0359",3,TRUE,6
"FS0359",4,TRUE,4
"FS0359",5,TRUE,4
"FS0359",6,TRUE,3
"FS0359",7,TRUE,2
"FS0359",8,TRUE,2
"FS0359",9,TRUE,2
"FS0361",1,TRUE,3
"FS0361",2,TRUE,3
"FS0361",3,TRUE,3
"FS0361",4,TRUE,5
"FS0361",5,TRUE,2
"FS0361",6,TRUE,3
"FS0361",7,FALSE,0
"FS0361",8,TRUE,4
"FS0361",9,TRUE,3
"FS0361",10,TRUE,2
"FS0361",11,TRUE,2
"FS0361",12,TRUE,3
"FS0366",1,TRUE,4
"FS0378",1,TRUE,1
"FS0378",2,TRUE,8
"FS0378",3,TRUE,3
"FS0378",4,TRUE,2
"FS0378",5,TRUE,4
"FS0378",6,TRUE,2
"FS0382",1,TRUE,4
"FS0382",2,TRUE,3
"FS0382",3,TRUE,5
"FS0382",4,TRUE,2
"FS0382",5,TRUE,3
"FS0382",6,TRUE,5
"FS0382",7,TRUE,2
"FS0384",1,TRUE,4
"FS0384",2,TRUE,4
"FS0384",3,TRUE,3
"FS0384",4,TRUE,4
"FS0384",5,TRUE,4
"FS0384",6,TRUE,3
"FS0384",7,TRUE,2
"FS0384",8,TRUE,5
"FS0384",9,TRUE,3
"FS0384",10,TRUE,3
"FS0384",11,TRUE,4
"FS0386",1,TRUE,3
"FS0386",2,TRUE,3
"FS0386",3,TRUE,5
"FS0386",4,TRUE,4
"FS0389",0,FALSE,0
"FS0389",1,TRUE,3
"FS0389",2,TRUE,1
"FS0390",1,TRUE,2
"FS0390",2,FALSE,0
"FS0390",3,TRUE,1
"FS0390",4,TRUE,4
"FS0390",5,TRUE,2
"FS0390",6,TRUE,3
"FS0390",7,TRUE,1
"FS0390",8,TRUE,1
"FS0390",9,TRUE,1
"FS0390",10,TRUE,4
"FS0390",11,TRUE,2
"FS0390",12,TRUE,2
"FS0390",13,TRUE,2
"FS0390",14,TRUE,5
"FS0390",15,TRUE,4
"FS0390",16,TRUE,4
"FS0391",1,TRUE,2
"FS0391",2,TRUE,2
"FS0400",1,TRUE,5
"FS0400",2,TRUE,3
"FS0400",3,TRUE,1
"FS0404",0,FALSE,0
"FS0407",1,TRUE,4
"FS0407",2,TRUE,4
"FS0407",3,TRUE,4
"FS0407",4,TRUE,6
"FS0407",5,TRUE,5
"FS0407",6,TRUE,5
"FS0407",7,TRUE,5
"FS0407",8,TRUE,1
"FS0407",9,TRUE,2
"FS0407",10,TRUE,2
"FS0407",11,TRUE,2
"FS0407",12,TRUE,2
"FS0407",13,TRUE,3
"FS0407",14,TRUE,3
"FS0408",1,TRUE,7
"FS0408",2,TRUE,4
"FS0408",3,TRUE,5
"FS0408",4,TRUE,3
"FS0408",5,TRUE,2
"FS0408",6,TRUE,2
"FS0408",7,TRUE,9
"FS0408",8,TRUE,4
"FS0408",9,TRUE,5
"FS0408",10,TRUE,4
"FS0411",1,TRUE,3
"FS0411",2,TRUE,4
"FS0411",3,TRUE,4
"FS0411",4,TRUE,2
"FS0411",5,TRUE,4
"FS0411",6,TRUE,5
"FS0411",7,TRUE,5
"FS0411",8,TRUE,5
"FS0412",0,FALSE,0
"FS0413",0,FALSE,0
"FS0413",1,TRUE,4
"FS0413",2,TRUE,2
"FS0413",3,TRUE,4
"FS0413",4,TRUE,4
"FS0413",5,TRUE,3
"FS0413",6,TRUE,3
"FS0413",7,TRUE,5
"FS0413",8,TRUE,4
"FS0413",9,TRUE,5
"FS0413",10,TRUE,3
"FS0413",11,TRUE,6
"FS0413",12,FALSE,0
"FS0415",1,FALSE,0
"FS0415",2,TRUE,3
"FS0415",3,TRUE,4
"FS0415",4,FALSE,0
"FS0416",1,TRUE,6
"FS0416",2,TRUE,4
"FS0416",3,TRUE,5
"FS0416",4,TRUE,2
"FS0416",5,TRUE,1
"FS0416",6,TRUE,2
"FS0417",1,TRUE,3
"FS0417",2,TRUE,3
"FS0421",0,FALSE,0
"FS0422",1,TRUE,4
"FS0423",1,TRUE,5
"FS0423",2,TRUE,7
"FS0423",3,TRUE,1
"FS0423",4,TRUE,4
"FS0423",5,TRUE,3
"FS0423",6,TRUE,4
"FS0423",7,FALSE,0
"FS0423",8,TRUE,1
"FS0423",9,TRUE,4
"FS0423",10,TRUE,5
"FS0423",11,TRUE,2
"FS0423",12,TRUE,4
"FS0423",13,TRUE,3
"FS0423",14,TRUE,1
"FS0426",1,TRUE,4
"FS0426",2,TRUE,3
"FS0426",3,TRUE,3
"FS0426",4,TRUE,3
"FS0426",5,TRUE,4
"FS0427",0,FALSE,0
"FS0427",1,TRUE,4
"FS0427",2,TRUE,4
"FS0427",3,TRUE,3
"FS0427",4,TRUE,3
"FS0427",5,TRUE,5
"FS0427",6,TRUE,3
"FS0427",7,TRUE,4
"FS0427",8,TRUE,2
"FS0427",9,TRUE,4
"FS0427",10,TRUE,4
"FS0427",11,TRUE,3
"FS0427",12,FALSE,0
"FS0430",1,FALSE,0
"FS0430",2,TRUE,4
"FS0430",3,TRUE,5
"FS0430",4,TRUE,5
"FS0430",5,TRUE,4
"FS0430",6,TRUE,5
"FS0430",7,TRUE,5
"FS0430",8,TRUE,4
"FS0430",9,TRUE,2
"FS0430",10,TRUE,4
"FS0430",11,TRUE,4
"FS0430",12,TRUE,1
"FS0430",13,TRUE,1
"FS0431",0,FALSE,0
"FS0431",1,TRUE,2
"FS0431",2,FALSE,0
"FS0433",1,TRUE,7
"FS0433",2,TRUE,4
"FS0433",3,TRUE,3
"FS0433",4,TRUE,2
"FS0433",5,TRUE,3
"FS0433",6,TRUE,2
"FS0433",7,TRUE,1
"FS0433",8,TRUE,2
"FS0433",9,TRUE,3
"FS0433",10,TRUE,3
"FS0433",11,FALSE,0
"FS0446",1,TRUE,1
"FS0446",2,TRUE,6
"FS0446",3,TRUE,3
"FS0446",4,TRUE,3
"FS0447",1,TRUE,6
"FS0447",2,TRUE,1
"FS0447",3,TRUE,4
"FS0447",4,TRUE,1
"FS0447",5,TRUE,3
"FS0447",6,TRUE,4
"FS0447",7,TRUE,3
"FS0451",1,TRUE,5
"FS0451",2,TRUE,1
"FS0451",3,TRUE,1
"FS0451",4,TRUE,8
"FS0451",5,TRUE,1
"FS0451",6,TRUE,1
"FS0451",7,TRUE,1
"FS0451",8,TRUE,2
"FS0451",9,TRUE,1
"FS0451",10,TRUE,4
"FS0451",11,TRUE,1
"FS0451",12,TRUE,2
"FS0451",13,TRUE,4
"FS0451",14,TRUE,5
"FS0451",15,TRUE,2
"FS0464",1,TRUE,4
"FS0464",2,TRUE,3
"FS0464",3,TRUE,4
"FS0464",4,TRUE,4
"FS0464",5,FALSE,0
"FS0464",6,TRUE,2
"FS0464",7,TRUE,2
"FS0464",8,TRUE,1
"FS0464",9,TRUE,2
"FS0472",1,TRUE,6
"FS0472",2,TRUE,4
"FS0472",3,TRUE,1
"FS0472",4,FALSE,0
"FS0472",5,TRUE,6
"FS0472",6,TRUE,5
"FS0472",7,TRUE,3
"FS0472",8,TRUE,4
"FS0472",9,TRUE,3
"FS0472",10,TRUE,4
"FS0472",11,TRUE,4
"FS0472",12,TRUE,5
"FS0472",13,TRUE,5
"FS0472",14,TRUE,3
"FS0472",15,TRUE,3
"FS0477",1,TRUE,4
"FS0477",2,TRUE,5
"FS0477",3,TRUE,5
"FS0477",4,TRUE,4
"FS0477",5,TRUE,3
"FS0477",6,TRUE,4
"FS0477",7,TRUE,4
"FS0477",8,TRUE,6
"FS0477",9,TRUE,3
"FS0477",10,TRUE,6
"FS0477",11,TRUE,4
"FS0477",12,TRUE,2
"FS0480",1,TRUE,3
"FS0480",2,TRUE,3
"FS0480",3,TRUE,2
"FS0480",4,TRUE,4
"FS0480",5,TRUE,4
"FS0481",1,TRUE,4
"FS0481",2,TRUE,6
"FS0481",3,TRUE,5
"FS0487",1,TRUE,3
"FS0487",2,TRUE,4
"FS0487",3,TRUE,4
"FS0487",4,TRUE,4
"FS0487",5,TRUE,2
"FS0487",6,TRUE,1
"FS0487",7,TRUE,1
"FS0489",1,TRUE,6
"FS0489",2,TRUE,4
"FS0489",3,TRUE,4
"FS0489",4,TRUE,5
"FS0489",5,TRUE,2
"FS0489",6,TRUE,4
"FS0489",7,TRUE,3
"FS0489",8,TRUE,3
"FS0489",9,TRUE,3
"FS0489",10,TRUE,5
"FS0489",11,FALSE,0
"FS0494",1,TRUE,10
"FS0494",2,TRUE,6
"FS0494",3,TRUE,3
"FS0501",1,TRUE,3
"FS0501",2,TRUE,4
"FS0501",3,TRUE,6
"FS0501",4,TRUE,3
"FS0501",5,TRUE,3
"FS0501",6,TRUE,3
"FS0501",7,TRUE,2
"FS0501",8,TRUE,1
"FS0501",9,TRUE,2
"FS0501",10,TRUE,3
"FS0502",1,TRUE,4
"FS0502",2,TRUE,3
"FS0502",3,TRUE,1
"FS0502",4,TRUE,2
"FS0502",5,TRUE,4
"FS0502",6,TRUE,7
"FS0502",7,TRUE,4
"FS0502",8,TRUE,2
"FS0502",9,TRUE,3
"FS0502",10,TRUE,4
"FS0502",11,TRUE,1
"FS0502",12,TRUE,4
"FS0502",13,TRUE,4
"FS0505",0,FALSE,0
"FS0512",0,FALSE,0
"FS0512",1,TRUE,3
"FS0512",2,TRUE,1
"FS0515",1,TRUE,1
"FS0515",2,TRUE,5
"FS0515",3,TRUE,2
"FS0515",4,TRUE,1
"FS0515",5,TRUE,2
"FS0515",6,TRUE,3
"FS0515",7,TRUE,1
"FS0515",8,TRUE,2
"FS0515",9,TRUE,3
"FS0515",10,TRUE,3
"FS0515",11,TRUE,3
"FS0515",12,TRUE,3
"FS0517",1,TRUE,3
"FS0517",2,TRUE,2
"FS0517",3,TRUE,4
"FS0517",4,TRUE,3
"FS0517",5,TRUE,6
"FS0517",6,TRUE,2
"FS0517",7,TRUE,5
"FS0517",8,TRUE,3
"FS0517",9,TRUE,5
"FS0517",10,TRUE,11
"FS0519",1,TRUE,3
"FS0519",2,TRUE,4
"FS0519",3,TRUE,3
"FS0519",4,FALSE,0
"FS0519",5,TRUE,2
"FS0519",6,TRUE,6
"FS0519",7,TRUE,3
"FS0519",8,TRUE,3
"FS0519",9,TRUE,2
"FS0519",10,TRUE,1
"FS0519",11,TRUE,5
"FS0519",12,FALSE,0
"FS0530",1,TRUE,3
"FS0530",2,TRUE,1
"FS0530",3,TRUE,1
"FS0531",1,FALSE,0
"FS0531",2,TRUE,4
"FS0531",3,TRUE,5
"FS0531",4,TRUE,1
"FS0531",5,TRUE,3
"FS0531",6,TRUE,4
"FS0531",7,TRUE,3
"FS0531",8,TRUE,4
"FS0531",9,FALSE,0
"FS0531",10,TRUE,7
"FS0531",11,FALSE,0
"FS0546",0,FALSE,0
"FS0546",1,TRUE,2
"FS0546",2,TRUE,4
"FS0546",3,TRUE,3
"FS0546",4,TRUE,2
"FS0546",5,TRUE,5
"FS0546",6,TRUE,3
"FS0546",7,TRUE,3
"FS0546",8,TRUE,5
"FS0546",9,TRUE,5
"FS0546",10,TRUE,2
"FS0549",1,TRUE,3
"FS0549",2,TRUE,3
"FS0549",3,TRUE,6
"FS0549",4,TRUE,5
"FS0549",5,TRUE,4
"FS0549",6,TRUE,4
"FS0549",7,TRUE,3
"FS0549",8,TRUE,4
"FS0549",9,TRUE,5
"FS0549",10,TRUE,4
"FS0549",11,TRUE,4
"FS0549",12,TRUE,3
"FS0559",1,TRUE,5
"FS0559",2,TRUE,7
"FS0559",3,TRUE,3
"FS0559",4,TRUE,3
"FS0559",5,TRUE,3
"FS0559",6,TRUE,3
"FS0559",7,TRUE,6
"FS0559",8,TRUE,4
"FS0559",9,TRUE,3
"FS0559",10,TRUE,6
"FS0559",11,TRUE,1
"FS0563",1,TRUE,1
"FS0563",2,TRUE,2
"FS0563",3,TRUE,1
"FS0567",1,TRUE,2
"FS0567",2,TRUE,4
"FS0567",3,TRUE,2
"FS0567",4,TRUE,3
"FS0567",5,TRUE,3
"FS0567",6,TRUE,1
"FS0567",7,TRUE,3
"FS0567",8,TRUE,3
"FS0567",9,TRUE,1
"FS0567",10,TRUE,1
"FS0570",1,TRUE,6
"FS0570",2,TRUE,5
"FS0570",3,TRUE,3
"FS0570",4,TRUE,5
"FS0570",5,TRUE,4
"FS0570",6,TRUE,3
"FS0570",7,TRUE,4
"FS0570",8,TRUE,4
"FS0570",9,TRUE,1
"FS0570",10,TRUE,2
"FS0579",1,TRUE,2
"FS0590",1,TRUE,1
"FS0590",2,TRUE,2
"FS0590",3,TRUE,5
"FS0590",4,TRUE,4
"FS0590",5,TRUE,4
"FS0590",6,TRUE,3
"FS0590",7,TRUE,6
"FS0590",8,TRUE,3
"FS0590",9,TRUE,5
"FS0590",10,TRUE,5
"FS0590",11,TRUE,2
"FS0590",12,FALSE,0
"FS0593",1,TRUE,3
"FS0593",2,TRUE,4
"FS0593",3,TRUE,5
"FS0593",4,TRUE,3
"FS0593",5,TRUE,2
"FS0593",6,TRUE,2
"FS0593",7,TRUE,2
"FS0593",8,TRUE,1
"FS0594",1,TRUE,3
"FS0594",2,TRUE,4
"FS0594",3,TRUE,2
"FS0594",4,TRUE,4
"FS0594",5,TRUE,5
"FS0594",6,TRUE,5
"FS0594",7,TRUE,2
"FS0594",8,TRUE,5
"FS0594",9,TRUE,4
"FS0594",10,TRUE,3
"FS0594",11,TRUE,4
"FS0594",12,FALSE,0
"FS0595",1,TRUE,5
"FS0595",2,TRUE,8
"FS0595",3,TRUE,5
"FS0595",4,TRUE,4
"FS0595",5,TRUE,2
"FS0595",6,TRUE,3
"FS0595",7,TRUE,5
"FS0597",1,TRUE,4
"FS0597",2,TRUE,8
"FS0597",3,TRUE,6
"FS0597",4,TRUE,3
"FS0597",5,TRUE,4
"FS0597",6,TRUE,4
"FS0597",7,TRUE,2
"FS0597",8,TRUE,1
"FS0597",9,TRUE,1
"FS0597",10,TRUE,2
"FS0597",11,TRUE,3
"FS0597",12,TRUE,3
"FS0597",13,TRUE,1
"FS0597",14,FALSE,0
"FS0599",0,FALSE,0
"FS0599",1,TRUE,2
"FS0599",2,TRUE,5
"FS0599",3,TRUE,6
"FS0599",4,TRUE,3
"FS0599",5,TRUE,5
"FS0599",6,FALSE,0
"FS0599",7,FALSE,0
"FS0602",1,TRUE,3
"FS0602",2,TRUE,3
"FS0602",3,TRUE,4
"FS0602",4,TRUE,4
"FS0602",5,TRUE,2
"FS0602",6,TRUE,4
"FS0602",7,TRUE,4
"FS0602",8,TRUE,2
"FS0602",9,TRUE,4
"FS0602",10,TRUE,4
"FS0605",1,TRUE,5
"FS0605",2,TRUE,3
"FS0605",3,TRUE,3
"FS0605",4,TRUE,4
"FS0605",5,TRUE,4
"FS0605",6,TRUE,5
"FS0608",1,TRUE,3
"FS0608",2,TRUE,14
"FS0608",3,TRUE,1
"FS0608",4,TRUE,6
"FS0608",5,TRUE,4
"FS0608",6,TRUE,5
"FS0608",7,TRUE,3
"FS0608",8,TRUE,3
"FS0608",9,TRUE,4
"FS0608",10,TRUE,3
"FS0608",11,TRUE,2
"FS0615",1,TRUE,4
"FS0615",2,TRUE,5
"FS0615",3,TRUE,3
"FS0615",4,TRUE,3
"FS0615",5,TRUE,2
"FS0616",1,FALSE,0
"FS0616",2,TRUE,4
"FS0616",3,TRUE,5
"FS0616",4,TRUE,5
"FS0616",5,TRUE,5
"FS0616",6,TRUE,6
"FS0616",7,TRUE,6
"FS0616",8,TRUE,4
"FS0616",9,TRUE,3
"FS0616",10,TRUE,2
"FS0616",11,TRUE,1
"FS0617",0,FALSE,0
"FS0617",1,TRUE,2
"FS0617",2,TRUE,1
"FS0617",3,TRUE,5
"FS0617",4,TRUE,3
"FS0617",5,TRUE,5
"FS0617",6,TRUE,2
"FS0617",7,TRUE,3
"FS0620",1,TRUE,1
"FS0620",2,TRUE,3
"FS0622",1,FALSE,0
"FS0622",2,TRUE,4
"FS0622",3,TRUE,6
"FS0622",4,TRUE,6
"FS0622",5,TRUE,6
"FS0622",6,TRUE,4
"FS0622",7,TRUE,8
"FS0622",8,TRUE,5
"FS0622",9,TRUE,5
"FS0622",10,TRUE,6
"FS0622",11,TRUE,2
"FS0625",0,FALSE,0
"FS0629",0,FALSE,0
"FS0629",1,TRUE,3
"FS0629",2,TRUE,7
"FS0629",3,TRUE,4
"FS0629",4,TRUE,4
"FS0629",5,TRUE,4
"FS0629",6,TRUE,3
"FS0629",7,TRUE,3
"FS0629",8,TRUE,1
"FS0629",9,TRUE,3
"FS0629",10,TRUE,2
"FS0629",11,TRUE,1
"FS0635",1,TRUE,10
"FS0635",2,TRUE,5
"FS0635",3,TRUE,2
"FS0635",4,TRUE,1
"FS0635",5,TRUE,1
"FS0637",1,TRUE,3
"FS0637",2,TRUE,4
"FS0637",3,TRUE,5
"FS0637",4,TRUE,2
"FS0637",5,TRUE,4
"FS0637",6,TRUE,2
"FS0637",7,TRUE,4
"FS0637",8,TRUE,4
"FS0637",9,TRUE,4
"FS0637",10,FALSE,0
"FS0645",1,TRUE,4
"FS0645",2,TRUE,4
"FS0645",3,TRUE,6
"FS0645",4,TRUE,4
"FS0645",5,TRUE,3
"FS0645",6,TRUE,1
"FS0645",7,TRUE,2
"FS0645",8,TRUE,2
"FS0645",9,TRUE,1
"FS0645",10,TRUE,1
"FS0645",11,TRUE,1
"FS0645",12,TRUE,3
"FS0645",13,TRUE,1
"FS0645",14,TRUE,2
"FS0645",15,TRUE,1
"FS0646",1,TRUE,5
"FS0646",2,TRUE,6
"FS0646",3,TRUE,4
"FS0646",4,TRUE,5
"FS0646",5,TRUE,3
"FS0646",6,TRUE,4
"FS0646",7,TRUE,3
"FS0646",8,TRUE,3
"FS0646",9,TRUE,4
"FS0646",10,TRUE,2
"FS0646",11,TRUE,1
"FS0646",12,TRUE,2
"FS0646",13,TRUE,2
"FS0656",1,FALSE,0
"FS0656",2,TRUE,5
"FS0656",3,TRUE,4
"FS0656",4,TRUE,5
"FS0656",5,TRUE,5
"FS0656",6,TRUE,5
"FS0656",7,TRUE,5
"FS0656",8,TRUE,9
"FS0656",9,TRUE,2
"FS0656",10,TRUE,3
"FS0656",11,TRUE,3
"FS0656",12,TRUE,4
"FS0656",13,TRUE,1
"FS0660",0,FALSE,0
"FS0663",1,TRUE,3
"FS0663",2,TRUE,5
"FS0663",3,TRUE,6
"FS0663",4,TRUE,4
"FS0663",5,TRUE,5
"FS0663",6,TRUE,3
"FS0663",7,TRUE,5
"FS0663",8,TRUE,4
"FS0663",9,TRUE,3
"FS0663",10,TRUE,2
"FS0663",11,FALSE,0
"FS0664",0,FALSE,0
"FS0665",0,FALSE,0
"FS0666",0,FALSE,0
"FS0666",1,TRUE,1
"FS0666",2,TRUE,2
"FS0666",3,TRUE,4
"FS0666",4,TRUE,3
"FS0666",5,TRUE,6
"FS0666",6,TRUE,2
"FS0666",7,TRUE,4
"FS0666",8,TRUE,2
"FS0666",9,FALSE,0
"FS0671",1,TRUE,3
"FS0671",2,TRUE,4
"FS0671",3,TRUE,3
"FS0671",4,TRUE,5
"FS0671",5,TRUE,1
"FS0671",6,TRUE,1
"FS0671",7,TRUE,1
"FS0671",8,TRUE,1
"FS0671",9,TRUE,3
"FS0671",10,TRUE,2
"FS0671",11,TRUE,3
"FS0671",12,TRUE,3
"FS0671",13,TRUE,4
"FS0671",14,TRUE,3
"FS0671",15,FALSE,0
"FS0673",1,TRUE,2
"FS0673",2,TRUE,1
"FS0673",3,TRUE,3
"FS0674",1,TRUE,3
"FS0674",2,TRUE,3
"FS0674",3,TRUE,4
"FS0674",4,TRUE,4
"FS0674",5,TRUE,2
"FS0674",6,TRUE,1
"FS0674",7,TRUE,1
"FS0674",8,TRUE,2
"FS0675",1,TRUE,6
"FS0675",2,TRUE,1
"FS0675",3,TRUE,5
"FS0675",4,TRUE,4
"FS0675",5,TRUE,5
"FS0675",6,TRUE,8
"FS0675",7,TRUE,4
"FS0675",8,TRUE,14
"FS0683",1,TRUE,2
"FS0683",2,TRUE,3
"FS0683",3,TRUE,5
"FS0683",4,TRUE,3
"FS0683",5,TRUE,5
"FS0683",6,TRUE,4
"FS0683",7,TRUE,3
"FS0683",8,TRUE,5
"FS0683",9,TRUE,4
"FS0683",10,TRUE,5
"FS0683",11,TRUE,4
"FS0683",12,TRUE,1
"FS0683",13,TRUE,2
"FS0683",14,FALSE,0
"FS0691",1,TRUE,1
"FS0691",2,TRUE,4
"FS0691",3,TRUE,1
"FS0694",0,FALSE,0
"FS0694",1,TRUE,2
"FS0694",2,TRUE,4
"FS0694",3,TRUE,3
"FS0694",4,TRUE,5
"FS0694",5,TRUE,4
"FS0694",6,TRUE,3
"FS0694",7,TRUE,4
"FS0694",8,TRUE,4
"FS0694",9,TRUE,3
"FS0694",10,TRUE,4
"FS0694",11,TRUE,5
"FS0696",1,TRUE,4
"FS0696",2,TRUE,4
"FS0696",3,TRUE,3
"FS0696",4,TRUE,6
"FS0696",5,TRUE,4
"FS0696",6,TRUE,5
"FS0696",7,TRUE,4
"FS0696",8,TRUE,2
"FS0698",1,TRUE,3
"FS0698",2,TRUE,2
"FS0698",3,TRUE,5
"FS0698",4,TRUE,4
"FS0698",5,TRUE,4
"FS0698",6,TRUE,4
"FS0698",7,TRUE,3
"FS0698",8,TRUE,4
"FS0698",9,TRUE,4
"FS0698",10,TRUE,4
"FS0698",11,TRUE,4
"FS0698",12,TRUE,1
"FS0703",1,TRUE,3
"FS0703",2,TRUE,4
"FS0703",3,TRUE,7
"FS0703",4,TRUE,2
"FS0703",5,TRUE,2
"FS0708",1,TRUE,6
"FS0708",2,TRUE,2
"FS0708",3,TRUE,4
"FS0708",4,TRUE,2
"FS0708",5,TRUE,5
"FS0708",6,TRUE,2
"FS0708",7,TRUE,3
"FS0708",8,TRUE,4
"FS0708",9,TRUE,3
"FS0708",10,TRUE,2
"FS0708",11,FALSE,0
"FS0708",12,TRUE,3
"FS0708",13,FALSE,0
"FS0709",1,TRUE,4
"FS0709",2,TRUE,6
"FS0709",3,TRUE,5
"FS0709",4,TRUE,14
"FS0709",5,TRUE,5
"FS0709",6,TRUE,1
"FS0709",7,TRUE,3
"FS0709",8,TRUE,3
"FS0709",9,TRUE,2
"FS0710",1,TRUE,3
"FS0710",2,TRUE,4
"FS0710",3,TRUE,6
"FS0710",4,TRUE,4
"FS0710",5,TRUE,3
"FS0710",6,TRUE,5
"FS0710",7,TRUE,4
"FS0710",8,TRUE,3
"FS0710",9,TRUE,3
"FS0710",10,TRUE,3
"FS0710",11,TRUE,3
"FS0710",12,TRUE,2
"FS0710",13,TRUE,2
"FS0710",14,TRUE,1
"FS0715",1,TRUE,4
"FS0715",2,TRUE,8
"FS0715",3,TRUE,2
"FS0715",4,TRUE,3
"FS0717",1,TRUE,15
"FS0717",2,TRUE,10
"FS0717",3,TRUE,9
"FS0717",4,FALSE,0
"FS0717",5,TRUE,1
"FS0717",6,TRUE,1
"FS0717",7,TRUE,1
"FS0717",8,TRUE,2
"FS0717",9,TRUE,7
"FS0720",0,FALSE,0
"FS0732",1,FALSE,0
"FS0732",2,TRUE,2
"FS0732",3,TRUE,2
"FS0745",1,TRUE,4
"FS0745",2,TRUE,4
"FS0745",3,TRUE,5
"FS0745",4,TRUE,4
"FS0745",5,TRUE,3
"FS0745",6,TRUE,4
"FS0745",7,TRUE,4
"FS0745",8,TRUE,6
"FS0745",9,TRUE,3
"FS0747",0,FALSE,0
"FS0748",0,FALSE,0
"FS0749",1,TRUE,4
"FS0749",2,TRUE,1
"FS0749",3,TRUE,3
"FS0749",4,TRUE,3
"FS0749",5,TRUE,2
"FS0749",6,TRUE,3
"FS0749",7,TRUE,3
"FS0749",8,TRUE,3
"FS0749",9,TRUE,3
"FS0749",10,TRUE,4
"FS0749",11,FALSE,0
"FS0752",1,FALSE,0
"FS0752",2,TRUE,2
"FS0752",3,TRUE,4
"FS0752",4,TRUE,4
"FS0752",5,TRUE,4
"FS0752",6,TRUE,4
"FS0752",7,TRUE,4
"FS0752",8,TRUE,1
"FS0752",9,TRUE,2
"FS0763",1,TRUE,3
"FS0763",2,TRUE,1
"FS0763",3,TRUE,1
"FS0764",1,TRUE,5
"FS0764",2,TRUE,2
"FS0764",3,TRUE,2
"FS0764",4,TRUE,1
"FS0764",5,TRUE,4
"FS0764",6,TRUE,3
"FS0764",7,TRUE,1
"FS0764",8,TRUE,2
"FS0764",9,TRUE,2
"FS0764",10,TRUE,3
"FS0764",11,FALSE,0
"FS0765",1,FALSE,0
"FS0765",2,TRUE,4
"FS0765",3,TRUE,1
"FS0765",4,TRUE,5
"FS0765",5,TRUE,3
"FS0765",6,TRUE,3
"FS0765",7,TRUE,1
"FS0767",1,TRUE,3
"FS0767",2,TRUE,3
"FS0767",3,TRUE,3
"FS0767",4,TRUE,3
"FS0767",5,TRUE,5
"FS0767",6,TRUE,4
"FS0767",7,TRUE,6
"FS0767",8,TRUE,4
"FS0767",9,TRUE,3
"FS0767",10,TRUE,4
"FS0767",11,TRUE,1
"FS0784",1,TRUE,2
"FS0784",2,TRUE,5
"FS0785",1,FALSE,0
"FS0785",2,TRUE,5
"FS0785",3,TRUE,3
"FS0785",4,TRUE,2
"FS0785",5,TRUE,5
"FS0785",6,TRUE,4
"FS0785",7,TRUE,4
"FS0785",8,TRUE,2
"FS0786",0,FALSE,0
"FS0791",1,FALSE,0
"FS0791",2,TRUE,5
"FS0791",3,TRUE,4
"FS0795",1,TRUE,3
"FS0795",2,TRUE,4
"FS0795",3,TRUE,1
"FS0795",4,TRUE,4
"FS0795",5,TRUE,2
"FS0796",1,TRUE,3
"FS0796",2,TRUE,5
"FS0796",3,TRUE,4
"FS0796",4,TRUE,3
"FS0796",5,TRUE,3
"FS0796",6,TRUE,2
"FS0796",7,TRUE,2
"FS0800",1,TRUE,7
"FS0800",2,TRUE,4
"FS0800",3,TRUE,2
"FS0800",4,TRUE,5
"FS0800",5,TRUE,4
"FS0800",6,TRUE,2
"FS0800",7,TRUE,5
"FS0800",8,TRUE,4
"FS0800",9,TRUE,6
"FS0800",10,TRUE,4
"FS0800",11,TRUE,1
"FS0800",12,TRUE,2
"FS0802",1,FALSE,0
"FS0802",2,TRUE,4
"FS0802",3,TRUE,4
"FS0802",4,TRUE,7
"FS0802",5,TRUE,4
"FS0802",6,TRUE,1
"FS0802",7,TRUE,5
"FS0802",8,TRUE,1
"FS0802",9,TRUE,1
"FS0802",10,TRUE,2
"FS0802",11,TRUE,3
"FS0802",12,TRUE,1
"FS0804",1,TRUE,4
"FS0804",2,TRUE,3
"FS0804",3,TRUE,4
"FS0804",4,TRUE,4
"FS0804",5,TRUE,6
"FS0804",6,TRUE,4
"FS0804",7,TRUE,5
"FS0804",8,TRUE,3
"FS0804",9,TRUE,2
"FS0804",10,TRUE,3
"FS0804",11,TRUE,2
"FS0805",1,TRUE,4
"FS0805",2,TRUE,4
"FS0805",3,TRUE,3
"FS0805",4,TRUE,4
"FS0805",5,TRUE,2
"FS0805",6,TRUE,4
"FS0805",7,TRUE,3
"FS0805",8,TRUE,2
"FS0805",9,TRUE,4
"FS0805",10,TRUE,3
"FS0805",11,TRUE,3
"FS0805",12,TRUE,2
"FS0805",13,TRUE,5
"FS0805",14,TRUE,5
"FS0805",15,FALSE,0
"FS0806",1,TRUE,3
"FS0813",1,TRUE,6
"FS0813",2,TRUE,6
"FS0813",3,TRUE,3
"FS0813",4,TRUE,3
"FS0813",5,TRUE,5
"FS0813",6,TRUE,4
"FS0813",7,TRUE,4
"FS0813",8,TRUE,3
"FS0813",9,TRUE,3
"FS0813",10,TRUE,4
"FS0813",11,TRUE,4
"FS0813",12,TRUE,2
"FS0817",1,TRUE,3
"FS0817",2,TRUE,4
"FS0817",3,TRUE,3
"FS0817",4,TRUE,3
"FS0818",1,TRUE,3
"FS0818",2,TRUE,2
"FS0818",3,TRUE,2
"FS0818",4,TRUE,3
"FS0818",5,FALSE,0
"FS0818",6,TRUE,4
"FS0818",7,TRUE,5
"FS0818",8,TRUE,3
"FS0818",9,TRUE,4
"FS0818",10,TRUE,5
"FS0818",11,TRUE,4
"FS0818",12,TRUE,1
"FS0823",1,TRUE,3
"FS0823",2,TRUE,9
"FS0823",3,TRUE,2
"FS0823",4,TRUE,2
"FS0823",5,TRUE,4
"FS0823",6,TRUE,3
"FS0823",7,TRUE,4
"FS0823",8,TRUE,4
"FS0823",9,FALSE,0
"FS0839",1,TRUE,4
"FS0839",2,TRUE,5
"FS0839",3,TRUE,4
"FS0839",4,TRUE,2
"FS0839",5,TRUE,6
"FS0839",6,TRUE,3
"FS0839",7,TRUE,3
"FS0839",8,TRUE,3
"FS0839",9,TRUE,4
"FS0839",10,TRUE,4
"FS0839",11,TRUE,2
"FS0839",12,TRUE,1
"FS0841",1,TRUE,3
"FS0841",2,TRUE,5
"FS0841",3,TRUE,4
"FS0841",4,TRUE,3
"FS0841",5,TRUE,3
"FS0841",6,TRUE,2
"FS0841",7,TRUE,4
"FS0850",1,TRUE,3
"FS0850",2,TRUE,3
"FS0850",3,TRUE,4
"FS0850",4,TRUE,4
"FS0850",5,TRUE,3
"FS0851",1,TRUE,4
"FS0851",2,TRUE,3
"FS0851",3,TRUE,4
"FS0851",4,TRUE,3
"FS0851",5,TRUE,5
"FS0851",6,TRUE,4
"FS0851",7,TRUE,2
"FS0851",8,TRUE,5
"FS0851",9,TRUE,4
"FS0851",10,TRUE,4
"FS0851",11,TRUE,4
"FS0851",12,TRUE,1
"FS0853",1,TRUE,4
"FS0853",2,TRUE,1
"FS0853",3,TRUE,3
"FS0853",4,TRUE,4
"FS0853",5,TRUE,6
"FS0853",6,TRUE,5
"FS0853",7,TRUE,6
"FS0853",8,TRUE,4
"FS0853",9,TRUE,9
"FS0856",1,TRUE,3
"FS0856",2,TRUE,3
"FS0856",3,TRUE,5
"FS0856",4,TRUE,3
"FS0856",5,TRUE,4
"FS0858",1,TRUE,6
"FS0858",2,TRUE,3
"FS0858",3,TRUE,5
"FS0858",4,TRUE,3
"FS0858",5,TRUE,3
"FS0858",6,TRUE,2
"FS0858",7,TRUE,3
"FS0858",8,TRUE,2
"FS0858",9,TRUE,4
"FS0858",10,TRUE,4
"FS0858",11,TRUE,1
"FS0859",1,TRUE,3
"FS0859",2,TRUE,5
"FS0859",3,TRUE,5
"FS0859",4,TRUE,4
"FS0859",5,TRUE,4
"FS0859",6,TRUE,4
"FS0859",7,TRUE,1
"FS0859",8,TRUE,3
"FS0859",9,TRUE,2
"FS0859",10,TRUE,1
"FS0859",11,TRUE,1
"FS0859",12,TRUE,1
"FS0859",13,TRUE,3
"FS0859",14,FALSE,0
"FS0860",1,TRUE,10
"FS0860",2,TRUE,4
"FS0860",3,TRUE,4
"FS0860",4,TRUE,3
"FS0860",5,TRUE,4
"FS0860",6,TRUE,4
"FS0860",7,TRUE,4
"FS0860",8,TRUE,4
"FS0860",9,TRUE,4
"FS0860",10,TRUE,2
"FS0864",1,TRUE,3
"FS0865",0,FALSE,0
"FS0865",1,TRUE,2
"FS0865",2,TRUE,6
"FS0865",3,TRUE,4
"FS0865",4,TRUE,4
"FS0865",5,TRUE,5
"FS0865",6,TRUE,3
"FS0865",7,TRUE,3
"FS0865",8,TRUE,4
"FS0865",9,TRUE,1
"FS0870",1,TRUE,1
"FS0870",2,TRUE,4
"FS0870",3,TRUE,3
"FS0871",1,TRUE,10
"FS0871",2,TRUE,5
"FS0871",3,TRUE,2
"FS0871",4,TRUE,5
"FS0871",5,TRUE,3
"FS0871",6,TRUE,1
"FS0871",7,TRUE,3
"FS0871",8,TRUE,5
"FS0871",9,TRUE,5
"FS0871",10,TRUE,6
"FS0871",11,TRUE,3
"FS0871",12,TRUE,3
"FS0871",13,TRUE,5
"FS0871",14,TRUE,3
"FS0871",15,FALSE,0
"FS0875",1,TRUE,3
"FS0875",2,TRUE,3
"FS0875",3,TRUE,2
"FS0875",4,TRUE,2
"FS0875",5,TRUE,4
"FS0875",6,TRUE,4
"FS0875",7,TRUE,2
"FS0875",8,TRUE,2
"FS0875",9,TRUE,3
"FS0875",10,TRUE,1
"FS0875",11,TRUE,2
"FS0875",12,TRUE,1
"FS0881",1,TRUE,5
"FS0881",2,TRUE,2
"FS0894",1,TRUE,3
"FS0894",2,TRUE,3
"FS0894",3,TRUE,4
"FS0894",4,TRUE,4
"FS0894",5,TRUE,4
"FS0894",6,TRUE,5
"FS0894",7,TRUE,2
"FS0894",8,TRUE,5
"FS0894",9,TRUE,7
"FS0894",10,TRUE,6
"FS0894",11,TRUE,3
"FS0894",12,FALSE,0
"FS0896",1,TRUE,2
"FS0896",2,TRUE,1
"FS0896",3,TRUE,1
"FS0896",4,TRUE,1
"FS0896",5,TRUE,1
"FS0896",6,TRUE,1
"FS0896",7,TRUE,1
"FS0896",8,FALSE,0
"FS0896",9,TRUE,2
"FS0896",10,TRUE,1
"FS0898",0,FALSE,0
"FS0903",1,TRUE,2
"FS0903",2,FALSE,0
"FS0903",3,TRUE,2
"FS0903",4,TRUE,4
"FS0903",5,TRUE,3
"FS0903",6,TRUE,3
"FS0903",7,TRUE,3
"FS0903",8,TRUE,4
"FS0903",9,TRUE,4
"FS0903",10,TRUE,3
"FS0903",11,TRUE,3
"FS0908",1,FALSE,0
"FS0908",2,TRUE,3
"FS0908",3,TRUE,4
"FS0908",4,TRUE,4
"FS0908",5,TRUE,3
"FS0908",6,TRUE,2
"FS0908",7,TRUE,3
"FS0908",8,TRUE,3
"FS0908",9,TRUE,4
"FS0908",10,TRUE,2
"FS0908",11,TRUE,2
"FS0908",12,TRUE,3
"FS0908",13,TRUE,3
"FS0908",14,TRUE,3
"FS0908",15,TRUE,2
"FS0908",16,TRUE,2
"FS0908",17,TRUE,1
"FS0911",0,FALSE,0
"FS0914",1,TRUE,3
"FS0914",2,TRUE,4
"FS0914",3,TRUE,5
"FS0914",4,TRUE,5
"FS0914",5,TRUE,3
"FS0914",6,TRUE,5
"FS0914",7,TRUE,3
"FS0914",8,TRUE,3
"FS0914",9,TRUE,3
"FS0914",10,FALSE,0
"FS0917",0,FALSE,0
"FS0917",1,TRUE,3
"FS0917",2,TRUE,1
"FS0927",1,TRUE,7
"FS0927",2,TRUE,4
"FS0927",3,TRUE,5
"FS0927",4,TRUE,4
"FS0927",5,TRUE,5
"FS0927",6,TRUE,3
"FS0927",7,TRUE,5
"FS0927",8,TRUE,4
"FS0927",9,TRUE,4
"FS0927",10,TRUE,4
"FS0927",11,TRUE,3
"FS0933",1,TRUE,4
"FS0933",2,TRUE,4
"FS0933",3,TRUE,5
"FS0933",4,TRUE,5
"FS0933",5,TRUE,1
"FS0933",6,TRUE,1
"FS0933",7,TRUE,1
"FS0933",8,TRUE,1
"FS0933",9,TRUE,3
"FS0933",10,TRUE,4
"FS0933",11,TRUE,3
"FS0933",12,TRUE,6
"FS0933",13,FALSE,0
"FS0935",0,FALSE,0
"FS0935",1,TRUE,3
"FS0935",2,TRUE,5
"FS0935",3,TRUE,3
"FS0936",1,TRUE,3
"FS0936",2,TRUE,4
"FS0936",3,TRUE,3
"FS0936",4,TRUE,1
"FS0936",5,TRUE,5
"FS0936",6,TRUE,3
"FS0937",1,TRUE,2
"FS0937",2,TRUE,2
"FS0937",3,TRUE,3
"FS0937",4,TRUE,3
"FS0937",5,TRUE,4
"FS0937",6,TRUE,2
"FS0937",7,TRUE,2
"FS0937",8,TRUE,4
"FS0937",9,TRUE,4
"FS0937",10,TRUE,2
"FS0937",11,FALSE,0
"FS0944",1,TRUE,12
"FS0944",2,TRUE,3
"FS0944",3,TRUE,6
"FS0946",1,TRUE,11
"FS0946",2,TRUE,5
"FS0946",3,TRUE,2
"FS0946",4,TRUE,2
"FS0946",5,TRUE,2
"FS0946",6,TRUE,4
"FS0946",7,TRUE,3
"FS0946",8,TRUE,1
"FS0946",9,TRUE,2
"FS0946",10,TRUE,2
"FS0946",11,FALSE,0
"FS0948",1,TRUE,5
"FS0948",2,TRUE,4
"FS0948",3,TRUE,1
"FS0948",4,TRUE,5
"FS0948",5,TRUE,3
"FS0948",6,TRUE,3
"FS0948",7,TRUE,2
"FS0948",8,TRUE,2
"FS0948",9,TRUE,3
"FS0948",10,TRUE,4
"FS0948",11,TRUE,2
"FS0948",12,FALSE,0
"FS0953",1,TRUE,2
"FS0953",2,TRUE,3
"FS0953",3,TRUE,2
"FS0954",1,TRUE,4
"FS0954",2,TRUE,4
"FS0954",3,TRUE,4
"FS0954",4,TRUE,3
"FS0954",5,TRUE,3
"FS0954",6,TRUE,3
"FS0960",1,TRUE,1
"FS0960",2,TRUE,1
"FS0960",3,TRUE,1
"FS0960",4,TRUE,2
"FS0960",5,TRUE,1
"FS0960",6,TRUE,1
"FS0960",7,TRUE,1
"FS0960",8,TRUE,6
"FS0960",9,TRUE,4
"FS0960",10,TRUE,10
"FS0960",11,TRUE,4
"FS0960",12,TRUE,2
"FS0962",0,FALSE,0
"FS0962",1,TRUE,1
"FS0962",2,TRUE,1
"FS0962",3,FALSE,0
"FS0964",0,FALSE,0
"FS0964",1,TRUE,5
"FS0964",2,TRUE,4
"FS0964",3,TRUE,3
"FS0964",4,TRUE,3
"FS0964",5,TRUE,6
"FS0964",6,TRUE,4
"FS0964",7,TRUE,2
"FS0964",8,TRUE,5
"FS0964",9,TRUE,3
"FS0964",10,TRUE,2
"FS0964",11,FALSE,0
"FS0993",1,FALSE,0
"FS0993",2,TRUE,5
"FS0993",3,TRUE,5
"FS0993",4,TRUE,4
"FS0993",5,TRUE,4
"FS0993",6,TRUE,3
"FS0993",7,TRUE,5
"FS0993",8,TRUE,5
"FS0993",9,TRUE,3
"FS0993",10,TRUE,4
"FS0993",11,TRUE,3
"FS0993",12,TRUE,3
"FS0993",13,TRUE,4
"FS0993",14,TRUE,3
"FS0993",15,TRUE,5
"FS0993",16,FALSE,0
"FS0996",1,TRUE,2
"FS0996",2,TRUE,2
"FS0996",3,TRUE,3
"FS0996",4,TRUE,1
"FS0998",1,TRUE,3
"FS0998",2,TRUE,4
"FS0998",3,TRUE,4
"FS0998",4,TRUE,2
"FS0998",5,TRUE,3
"FS0998",6,TRUE,3
"FS0998",7,TRUE,3
"FS0999",1,FALSE,0
"FS0999",2,TRUE,5
"FS0999",3,TRUE,4
"FS0999",4,TRUE,4
"FS0999",5,TRUE,2
"FS0999",6,TRUE,2
"FS0999",7,TRUE,3
"FS1010",1,TRUE,3
"FS1010",2,TRUE,3
"FS1010",3,TRUE,5
"FS1010",4,TRUE,2
"FS1010",5,TRUE,2
"FS1010",6,TRUE,2
"FS1010",7,TRUE,4
"FS1010",8,TRUE,3
"FS1010",9,TRUE,2
"FS1010",10,TRUE,2
"FS1010",11,TRUE,2
"FS1010",12,TRUE,2
"FS1017",1,FALSE,0
"FS1017",2,TRUE,1
"FS1017",3,TRUE,10
"FS1017",4,TRUE,2
"FS1017",5,TRUE,3
"FS1017",6,TRUE,4
"FS1017",7,TRUE,3
"FS1017",8,TRUE,2
"FS1017",9,TRUE,3
"FS1017",10,TRUE,4
"FS1017",11,TRUE,1
"FS1017",12,TRUE,1
"FS1017",13,TRUE,1
"FS1017",14,TRUE,1
"FS1017",15,TRUE,1
"FS1018",1,TRUE,3
"FS1018",2,TRUE,4
"FS1018",3,TRUE,4
"FS1018",4,TRUE,3
"FS1018",5,TRUE,3
"FS1018",6,TRUE,4
"FS1018",7,TRUE,4
"FS1018",8,TRUE,3
"FS1018",9,TRUE,2
"FS1018",10,TRUE,3
"FS1018",11,TRUE,2
"FS1018",12,TRUE,2
"FS1019",1,TRUE,3
"FS1019",2,TRUE,4
"FS1019",3,TRUE,5
"FS1019",4,TRUE,4
"FS1019",5,TRUE,5
"FS1019",6,TRUE,4
"FS1019",7,TRUE,3
"FS1019",8,TRUE,4
"FS1019",9,TRUE,4
"FS1019",10,TRUE,4
"FS1019",11,TRUE,3
"FS1019",12,TRUE,2
"FS1020",1,TRUE,1
"FS1020",2,TRUE,4
"FS1020",3,TRUE,6
"FS1020",4,TRUE,7
"FS1020",5,TRUE,3
"FS1020",6,TRUE,2
"FS1020",7,TRUE,3
"FS1020",8,TRUE,1
"FS1020",9,TRUE,3
"FS1020",10,TRUE,3
"FS1020",11,TRUE,3
"FS1020",12,TRUE,2
"FS1020",13,TRUE,3
"FS1020",14,TRUE,3
"FS1020",15,TRUE,3
"FS1020",16,TRUE,3
"FS1020",17,TRUE,2
"FS1020",18,FALSE,0
"FS1023",1,TRUE,5
"FS1023",2,TRUE,3
"FS1023",3,TRUE,2
"FS1023",4,TRUE,5
"FS1023",5,TRUE,4
"FS1023",6,TRUE,3
"FS1023",7,TRUE,5
"FS1023",8,TRUE,4
"FS1023",9,TRUE,3
"FS1023",10,FALSE,0
"FS1024",1,TRUE,7
"FS1024",2,TRUE,5
"FS1024",3,TRUE,3
"FS1024",4,TRUE,4
"FS1024",5,TRUE,5
"FS1024",6,TRUE,5
"FS1024",7,TRUE,5
"FS1024",8,TRUE,4
"FS1024",9,TRUE,5
"FS1024",10,FALSE,0
"FS1025",0,FALSE,0
"FS1027",1,TRUE,5
"FS1027",2,TRUE,3
"FS1027",3,TRUE,6
"FS1027",4,TRUE,5
"FS1027",5,TRUE,3
"FS1027",6,TRUE,4
"FS1027",7,TRUE,4
"FS1027",8,TRUE,4
"FS1027",9,TRUE,4
"FS1027",10,TRUE,4
"FS1027",11,TRUE,3
"FS1033",1,TRUE,3
"FS1033",2,TRUE,5
"FS1033",3,TRUE,5
"FS1033",4,TRUE,4
"FS1033",5,TRUE,4
"FS1033",6,TRUE,4
"FS1033",7,TRUE,2
"FS1033",8,TRUE,4
"FS1033",9,TRUE,3
"FS1033",10,TRUE,5
"FS1033",11,TRUE,4
"FS1033",12,FALSE,0
"FS1034",0,FALSE,0
"FS1042",1,TRUE,3
"FS1042",2,TRUE,6
"FS1042",3,TRUE,4
"FS1042",4,TRUE,4
"FS1042",5,TRUE,4
"FS1042",6,TRUE,3
"FS1042",7,TRUE,2
"FS1042",8,TRUE,4
"FS1042",9,TRUE,1
"FS1042",10,TRUE,3
"FS1042",11,TRUE,3
"FS1043",1,TRUE,4
"FS1043",2,TRUE,4
"FS1043",3,TRUE,2
"FS1043",4,TRUE,3
"FS1043",5,TRUE,3
"FS1043",6,TRUE,5
"FS1043",7,TRUE,1
"FS1043",8,TRUE,2
"FS1043",9,TRUE,5
"FS1045",1,TRUE,1
"FS1045",2,TRUE,4
"FS1045",3,TRUE,3
"FS1045",4,TRUE,3
"FS1045",5,TRUE,2
"FS1045",6,TRUE,1
"FS1047",1,TRUE,3
"FS1047",2,TRUE,4
"FS1047",3,TRUE,3
"FS1047",4,TRUE,4
"FS1047",5,TRUE,4
"FS1047",6,TRUE,2
"FS1049",1,TRUE,1
"FS1053",1,TRUE,3
"FS1053",2,TRUE,4
"FS1053",3,TRUE,1
"FS1053",4,TRUE,7
"FS1053",5,TRUE,2
"FS1053",6,TRUE,1
"FS1053",7,TRUE,1
"FS1053",8,TRUE,2
"FS1053",9,TRUE,2
"FS1053",10,FALSE,0
"FS1056",1,TRUE,4
"FS1056",2,TRUE,5
"FS1056",3,TRUE,3
"FS1056",4,TRUE,4
"FS1056",5,TRUE,4
"FS1056",6,TRUE,1
"FS1056",7,TRUE,2
"FS1056",8,TRUE,4
"FS1056",9,TRUE,5
"FS1056",10,TRUE,3
"FS1056",11,TRUE,3
"FS1056",12,TRUE,3
"FS1057",1,TRUE,4
"FS1057",2,TRUE,4
"FS1057",3,TRUE,2
"FS1057",4,TRUE,4
"FS1057",5,TRUE,7
"FS1057",6,TRUE,2
"FS1057",7,TRUE,2
"FS1057",8,TRUE,6
"FS1057",9,TRUE,2
"FS1057",10,TRUE,2
"FS1057",11,TRUE,3
"FS1057",12,TRUE,3
"FS1057",13,TRUE,1
"FS1058",1,TRUE,5
"FS1058",2,TRUE,7
"FS1058",3,FALSE,0
"FS1060",1,TRUE,5
"FS1060",2,TRUE,3
"FS1060",3,TRUE,1
"FS1060",4,TRUE,2
"FS1060",5,FALSE,0
"FS1064",1,TRUE,1
"FS1064",2,TRUE,1
"FS1064",3,TRUE,2
"FS1064",4,TRUE,1
"FS1076",0,FALSE,0
"FS1076",1,TRUE,5
"FS1076",2,TRUE,2
"FS1076",3,TRUE,3
"FS1076",4,TRUE,4
"FS1076",5,TRUE,4
"FS1076",6,TRUE,3
"FS1076",7,TRUE,5
"FS1080",1,TRUE,8
"FS1080",2,TRUE,4
"FS1080",3,TRUE,8
"FS1080",4,TRUE,2
"FS1080",5,TRUE,4
"FS1080",6,TRUE,6
"FS1080",7,TRUE,5
"FS1080",8,TRUE,5
"FS1080",9,TRUE,5
"FS1080",10,TRUE,2
"FS1080",11,TRUE,3
"FS1080",12,FALSE,0
"FS1083",1,TRUE,3
"FS1083",2,TRUE,4
"FS1083",3,TRUE,3
"FS1083",4,TRUE,3
"FS1083",5,TRUE,7
"FS1083",6,TRUE,4
"FS1083",7,TRUE,4
"FS1083",8,TRUE,7
"FS1083",9,TRUE,5
"FS1083",10,TRUE,4
"FS1084",1,TRUE,1
"FS1084",2,TRUE,1
"FS1084",3,TRUE,6
"FS1084",4,TRUE,4
"FS1084",5,TRUE,4
"FS1084",6,TRUE,4
"FS1084",7,TRUE,4
"FS1084",8,TRUE,5
"FS1084",9,TRUE,2
"FS1084",10,TRUE,2
"FS1091",1,TRUE,5
"FS1091",2,TRUE,3
"FS1091",3,TRUE,3
"FS1091",4,TRUE,3
"FS1091",5,TRUE,3
"FS1091",6,TRUE,4
"FS1091",7,TRUE,2
"FS1091",8,TRUE,3
"FS1091",9,FALSE,0
"FS1093",1,TRUE,5
"FS1093",2,TRUE,3
"FS1093",3,TRUE,2
"FS1093",4,TRUE,3
"FS1093",5,TRUE,3
"FS1093",6,TRUE,3
"FS1093",7,TRUE,3
"FS1093",8,TRUE,5
"FS1094",1,TRUE,3
"FS1094",2,TRUE,4
"FS1094",3,TRUE,2
"FS1094",4,TRUE,3
"FS1094",5,TRUE,4
"FS1097",1,FALSE,0
"FS1099",1,TRUE,6
"FS1099",2,TRUE,2
"FS1099",3,TRUE,2
"FS1099",4,TRUE,3
"FS1099",5,TRUE,2
"FS1099",6,TRUE,1
"FS1099",7,TRUE,1
"FS1099",8,TRUE,1
"FS1099",9,FALSE,0
"FS1103",1,TRUE,5
"FS1103",2,TRUE,4
"FS1103",3,TRUE,3
"FS1103",4,TRUE,4
"FS1103",5,TRUE,4
"FS1103",6,TRUE,2
"FS1103",7,TRUE,3
"FS1103",8,TRUE,2
"FS1103",9,TRUE,2
"FS1112",1,TRUE,1
"FS1112",2,TRUE,3
"FS1112",3,TRUE,1
"FS1112",4,TRUE,10
"FS1112",5,TRUE,5
"FS1112",6,TRUE,3
"FS1112",7,TRUE,12
"FS1112",8,TRUE,1
"FS1114",1,TRUE,2
"FS1114",2,TRUE,2
"FS1114",3,TRUE,4
"FS1114",4,TRUE,2
"FS1114",5,TRUE,3
"FS1115",1,TRUE,5
"FS1115",2,TRUE,2
"FS1115",3,TRUE,1
"FS1115",4,TRUE,2
"FS1116",1,TRUE,1
"FS1116",2,TRUE,2
"FS1116",3,TRUE,2
"FS1118",1,TRUE,3
"FS1118",2,TRUE,6
"FS1118",3,TRUE,3
"FS1118",4,TRUE,4
"FS1118",5,TRUE,2
"FS1118",6,TRUE,1
"FS1118",7,TRUE,3
"FS1118",8,TRUE,2
"FS1118",9,TRUE,2
"FS1121",1,TRUE,4
"FS1121",2,TRUE,3
"FS1121",3,TRUE,5
"FS1121",4,TRUE,4
"FS1121",5,TRUE,3
"FS1121",6,TRUE,2
"FS1121",7,TRUE,2
"FS1121",8,TRUE,2
"FS1121",9,FALSE,0
"FS1122",1,TRUE,3
"FS1122",2,TRUE,5
"FS1122",3,TRUE,3
"FS1122",4,TRUE,5
"FS1122",5,TRUE,4
"FS1122",6,TRUE,3
"FS1122",7,TRUE,5
"FS1122",8,TRUE,2
"FS1122",9,TRUE,2
"FS1122",10,TRUE,4
"FS1144",0,FALSE,0
"FS1144",1,TRUE,1
"FS1175",0,FALSE,0
"FS1175",1,TRUE,1
"FS1175",2,TRUE,2
"FS1175",3,TRUE,2
"FS1175",4,TRUE,3
"FS1175",5,TRUE,3
"FS1175",6,TRUE,2
"FS1175",7,TRUE,5
"FS1175",8,TRUE,3
"FS1176",1,TRUE,7
"FS1176",2,TRUE,4
"FS1176",3,TRUE,3
"FS1176",4,TRUE,5
"FS1176",5,TRUE,4
"FS1176",6,TRUE,2
"FS1176",7,TRUE,8
"FS1176",8,TRUE,1
"FS1198",0,FALSE,0
"FS1198",1,TRUE,2
"FS1198",2,TRUE,1
"FS1198",3,TRUE,5
"FS1198",4,TRUE,3
"FS1198",5,TRUE,2
"FS1198",6,TRUE,3
"FS1198",7,TRUE,6
"FS1198",8,TRUE,4
"FS1198",9,TRUE,8
"FS1198",10,FALSE,0
"FS1208",1,TRUE,2
"FS1209",1,TRUE,3
"FS1209",2,TRUE,4
"FS1209",3,TRUE,3
"FS1209",4,TRUE,5
"FS1209",5,TRUE,3
"FS1209",6,TRUE,3
"FS1209",7,TRUE,3
"FS1209",8,TRUE,4
"FS1209",9,TRUE,2
"FS1209",10,TRUE,2
"FS1209",11,TRUE,3
"FS1210",0,FALSE,0
"FS1210",1,TRUE,3
"FS1210",2,TRUE,2
"FS1210",3,TRUE,4
"FS1210",4,TRUE,6
"FS1210",5,TRUE,3
"FS1210",6,TRUE,5
"FS1210",7,TRUE,2
"FS1210",8,TRUE,2
"FS1233",0,FALSE,0
"FS1233",1,TRUE,4
"FS1233",2,TRUE,6
"FS1233",3,TRUE,5
"FS1233",4,TRUE,2
"FS1233",5,TRUE,2
"FS1233",6,TRUE,5
"FS1233",7,TRUE,4
"FS1254",0,FALSE,0
"FS1254",1,TRUE,2
"FS1254",2,TRUE,4
"FS1254",3,TRUE,4
"FS1254",4,TRUE,1
"FS1254",5,TRUE,2
"FS1254",6,TRUE,7
"FS1254",7,TRUE,4
"FS1255",1,TRUE,3
"FS1255",2,TRUE,1
"FS1255",3,TRUE,3
"FS1255",4,TRUE,2
"FS1255",5,TRUE,4
"FS1255",6,TRUE,2
"FS1255",7,TRUE,4
"FS1255",8,TRUE,3
"FS1255",9,TRUE,2
"FS1256",0,FALSE,0
"FS1256",1,TRUE,1
"FS1256",2,TRUE,3
"FS1256",3,TRUE,4
"FS1256",4,TRUE,4
"FS1256",5,TRUE,3
"FS1256",6,TRUE,2
"FS1256",7,TRUE,3
"FS1259",0,FALSE,0
"FS1259",1,TRUE,5
"FS1259",2,TRUE,4
"FS1259",3,TRUE,4
"FS1259",4,TRUE,2
"FS1259",5,TRUE,3
"FS1259",6,TRUE,4
"FS1259",7,TRUE,1
"FS1260",0,FALSE,0
"FS1260",1,TRUE,6
"FS1260",2,TRUE,6
"FS1260",3,TRUE,10
"FS1260",4,TRUE,3
"FS1260",5,TRUE,1
"FS1261",0,FALSE,0
"FS1261",1,TRUE,5
"FS1261",2,TRUE,3
"FS1261",3,TRUE,5
"FS1261",4,TRUE,2
"FS1261",5,TRUE,2
"FS1261",6,TRUE,2
"FS1261",7,TRUE,2
"FS1261",8,TRUE,2
"FS1261",9,TRUE,1
"FS1261",10,TRUE,2
"FS1262",0,FALSE,0
"FS1262",1,TRUE,2
"FS1262",2,TRUE,3
"FS1262",3,TRUE,3
"FS1262",4,TRUE,5
"FS1262",5,TRUE,2
"FS1262",6,TRUE,2
"FS1262",7,FALSE,0
"FS1263",0,FALSE,0
"FS1263",1,TRUE,3
"FS1263",2,TRUE,2
"FS1263",3,TRUE,1
"FS1263",4,TRUE,3
"FS1263",5,TRUE,2
"FS1263",6,TRUE,1
"FS1267",0,FALSE,0
"FS1267",1,TRUE,2
"FS1267",2,TRUE,4
"FS1267",3,TRUE,4
"FS1267",4,TRUE,5
"FS1267",5,TRUE,3
"FS1267",6,TRUE,3
"FS1267",7,FALSE,0
"FS1274",0,FALSE,0
"FS1274",1,TRUE,3
"FS1274",2,TRUE,2
"FS1274",3,TRUE,4
"FS1274",4,TRUE,2
"FS1274",5,TRUE,2
"FS1274",6,FALSE,0
"FS1275",0,FALSE,0
"FS1275",1,TRUE,4
"FS1275",2,TRUE,5
"FS1275",3,TRUE,6
"FS1275",4,TRUE,6
"FS1275",5,TRUE,5
"FS1275",6,FALSE,0
"FS1277",0,FALSE,0
"FS1277",1,TRUE,6
"FS1277",2,TRUE,5
"FS1277",3,TRUE,5
"FS1277",4,TRUE,1
"FS1277",5,FALSE,0
"FS1278",0,FALSE,0
"FS1278",1,TRUE,2
"FS1278",2,TRUE,1
"FS1278",3,TRUE,3
"FS1278",4,TRUE,3
"FS1278",5,TRUE,3
"FS1278",6,TRUE,3
"FS1279",0,FALSE,0
"FS1279",1,TRUE,2
"FS1279",2,TRUE,2
"FS1279",3,TRUE,3
"FS1279",4,TRUE,3
"FS1279",5,TRUE,2
"FS1279",6,TRUE,3
"FS1279",7,TRUE,2
"FS1279",8,TRUE,3
"FS1279",9,TRUE,3
"FS1279",10,TRUE,4
"FS1280",1,TRUE,3
"FS1280",2,TRUE,2
"FS1280",3,TRUE,6
"FS1280",4,TRUE,3
"FS1280",5,TRUE,4
"FS1280",6,TRUE,5
"FS1280",7,TRUE,4
"FS1280",8,TRUE,4
"FS1280",9,TRUE,3
"FS1280",10,TRUE,1
"FS1281",0,FALSE,0
"FS1281",1,TRUE,4
"FS1281",2,TRUE,4
"FS1281",3,TRUE,4
"FS1281",4,TRUE,5
"FS1281",5,TRUE,3
"FS1281",6,TRUE,3
"FS1282",0,FALSE,0
"FS1282",1,TRUE,2
"FS1282",2,TRUE,4
"FS1282",3,TRUE,2
"FS1282",4,TRUE,4
"FS1282",5,TRUE,3
"FS1286",0,FALSE,0
"FS1286",1,TRUE,8
"FS1286",2,TRUE,2
"FS1286",3,TRUE,3
"FS1286",4,TRUE,10
"FS1286",5,TRUE,2
"FS1286",6,FALSE,0
"FS1287",0,FALSE,0
"FS1287",1,TRUE,2
"FS1287",2,TRUE,4
"FS1287",3,TRUE,4
"FS1287",4,FALSE,0
"FS1290",0,FALSE,0
"FS1290",1,TRUE,3
"FS1290",2,TRUE,4
"FS1290",3,TRUE,2
"FS1290",4,TRUE,3
"FS1290",5,TRUE,3
"FS1290",6,FALSE,0
"FS1291",0,FALSE,0
"FS1291",1,TRUE,1
"FS1291",2,TRUE,4
"FS1291",3,TRUE,3
"FS1291",4,TRUE,4
"FS1291",5,TRUE,5
"FS1293",0,FALSE,0
"FS1293",1,TRUE,6
"FS1293",2,TRUE,4
"FS1293",3,TRUE,5
"FS1293",4,TRUE,1
"FS1294",0,FALSE,0
"FS1294",1,TRUE,4
"FS1294",2,TRUE,4
"FS1294",3,TRUE,6
"FS1294",4,TRUE,4
"FS1294",5,FALSE,0
"FS1296",0,FALSE,0
"FS1296",1,TRUE,4
"FS1296",2,TRUE,3
"FS1296",3,TRUE,7
"FS1296",4,TRUE,4
"FS1297",0,FALSE,0
"FS1297",1,TRUE,3
"FS1297",2,TRUE,3
"FS1297",3,TRUE,3
"FS1297",4,TRUE,4
"FS1297",5,TRUE,4
"FS1297",6,FALSE,0
"FS1304",0,FALSE,0
"FS1304",1,TRUE,3
"FS1304",2,TRUE,3
"FS1304",3,TRUE,3
"FS1304",4,TRUE,3
"FS1304",5,TRUE,1
"FS1305",0,FALSE,0
"FS1305",1,TRUE,3
"FS1305",2,TRUE,4
"FS1305",3,TRUE,3
"FS1305",4,TRUE,1
"FS1305",5,FALSE,0
"FS1309",0,FALSE,0
"FS1309",1,TRUE,4
"FS1309",2,TRUE,1
"FS1309",3,FALSE,0
"FS1312",0,FALSE,0
"FS1312",1,TRUE,2
"FS1312",2,TRUE,8
"FS1312",3,TRUE,4
"FS1312",4,TRUE,3
"FS1312",5,TRUE,3
"FS1312",6,FALSE,0
"FS1315",0,FALSE,0
"FS1315",1,TRUE,1
"FS1315",2,TRUE,4
"FS1315",3,TRUE,2
"FS1315",4,FALSE,0
"FS1317",0,FALSE,0
"FS1317",1,TRUE,5
"FS1317",2,TRUE,4
"FS1317",3,TRUE,3
"FS1317",4,TRUE,6
"FS1317",5,FALSE,0
"FS1318",0,FALSE,0
"FS1318",1,TRUE,3
"FS1318",2,TRUE,1
"FS1318",3,TRUE,3
"FS1318",4,TRUE,3
"FS1318",5,FALSE,0
"FS1330",0,FALSE,0
"FS1330",1,TRUE,1
"FS1330",2,TRUE,5
"FS1330",3,TRUE,3
"FS1330",4,FALSE,0
"FS1331",0,FALSE,0
"FS1331",1,TRUE,3
"FS1331",2,TRUE,4
"FS1331",3,FALSE,0
"FS1334",0,FALSE,0
"FS1334",1,TRUE,2
"FS1334",2,TRUE,1
"FS1334",3,TRUE,1
"FS1335",0,FALSE,0
"FS1335",1,TRUE,3
"FS1335",2,TRUE,2
"FS1335",3,FALSE,0
"FS1337",0,FALSE,0
"FS1337",1,TRUE,3
"FS1337",2,TRUE,4
"FS1337",3,FALSE,0
"FS1338",0,FALSE,0
"FS1338",1,TRUE,4
"FS1338",2,TRUE,4
"FS1338",3,FALSE,0
"FS1340",0,FALSE,0
"FS1340",1,TRUE,3
"FS1340",2,TRUE,4
"FS1340",3,TRUE,3
"FS1340",4,TRUE,2
"FS1341",0,FALSE,0
"FS1341",1,TRUE,3
"FS1341",2,TRUE,4
"FS1341",3,TRUE,1
"FS1342",0,FALSE,0
"FS1342",1,TRUE,3
"FS1342",2,TRUE,1
"FS1342",3,TRUE,4
"FS1342",4,FALSE,0
"FS1343",0,FALSE,0
"FS1343",1,TRUE,9
"FS1343",2,FALSE,0
"FS1344",0,FALSE,0
"FS1344",1,TRUE,7
"FS1344",2,TRUE,1
"FS1349",0,FALSE,0
"FS1349",1,TRUE,4
"FS1349",2,TRUE,3
"FS1349",3,TRUE,1
"FS1354",0,FALSE,0
"FS1354",1,TRUE,1
"FS1354",2,FALSE,0
"FS1357",0,FALSE,0
"FS1357",1,TRUE,2
"FS1365",0,FALSE,0
"FS1365",1,FALSE,0
"XX001",0,FALSE,0
"XX002",0,FALSE,0
"XX003",0,FALSE,0
"XX004",0,FALSE,0
"XX005",0,FALSE,0
"XX006",0,FALSE,0
"XX007",0,FALSE,0
"XX009",0,FALSE,0
"XX010",0,FALSE,0
"XX012",0,FALSE,0
"XX013",0,FALSE,0
"XX014",0,FALSE,0
"XX015",0,FALSE,0
"XX016",0,FALSE,0
"XX017",0,FALSE,0
"XX018",0,FALSE,0
"XX019",0,FALSE,0
